id,name,database_code,description,datasets_count,downloads,premium,image
33,National Stock Exchange of India,NSE,Stock and index data from the National Stock Exchange of India. ,2019,6880968,false,https://quandl-data-upload.s3.amazonaws.com/uploads/source/profile_image/33/thumb_nse.png
35,Central Bank of Brazil Statistical Database,BCB,"Brazilian macroeconomic data, covering public finances, national accounts, payment systems, inflation, exchange rates, trade, and international reserves.",13706,5097413,false,https://quandl-data-upload.s3.amazonaws.com/uploads/source/profile_image/35/thumb_central-bank-of-brazil.png
59,US Federal Reserve Data Releases,FED,"Official US figures on money supply, interest rates, mortgages, government finances, bank assets and debt, exchange rates, industrial production.",43844,15938784,false,https://quandl-data-upload.s3.amazonaws.com/uploads/source/profile_image/59/thumb_us-federal-reserve.png
68,Bank of England Official Statistics,BOE,"Current and historical exchange rates, interest rates on secured loans and time deposits, Euro-commercial paper rates, and yields on government securities.",1674,1298093,false,https://quandl-data-upload.s3.amazonaws.com/uploads/source/profile_image/68/thumb_bank-of-england.jpg
70,US Treasury,USTREASURY,"The U.S. Treasury ensures the nation's financial security, manages the nation's debt, collects tax revenues, and issues currency, provides data on yield rates.",12,516658,false,https://quandl-data-upload.s3.amazonaws.com/uploads/source/profile_image/70/thumb_imgres-1.jpg
71,US Department of Homeland Security,USHOMESEC,The federal agency that is charged with protecting domestic security. It publishes data on refugee arrivals.,75,41768,false,https://quandl-data-upload.s3.amazonaws.com/uploads/source/profile_image/71/thumb_dhs-twitter-300_400x400.jpg
78,Google Org,GOOGLEORG,No description for this database yet.,1,16700,false,https://d3rlqa3rnk4r1f.cloudfront.net/images/default-avatar.png
81,US Trade Representative,USTRADEREP,Shows historical growth and of US Trade since 1970.,1,9612,false,https://d3rlqa3rnk4r1f.cloudfront.net/images/default-avatar.png
86,Bank of Mexico,BDM,"The Bank of Mexico is responsible for monetary policy and the national currency (peso), and provides data on accounts and all macroeconomic variables.",10971,2073397,false,https://quandl-data-upload.s3.amazonaws.com/uploads/source/profile_image/86/thumb_bank-of-mexico.jpg
88,Federal Aviation Administration,FAA,The FAA's database contains statistics on incidents reported to FAA.,1,7045,false,https://d3rlqa3rnk4r1f.cloudfront.net/images/default-avatar.png
89,Bureau of Transportation Statistics,BTS,BTS provides information on transportation systems in the United States. Their non-multimodal department provides statistics on air travel.,3,27957,false,https://quandl-data-upload.s3.amazonaws.com/uploads/source/profile_image/89/thumb_Flag_of_the_United_States_Department_of_Transportation.svg.png
92,Reserve Bank of New Zealand,RBNZ,"Central bank oversees monetary policy and national currency. Data on international accounts, various monetary aggregates, and key macroeconomic variables.",43,86713,false,https://quandl-data-upload.s3.amazonaws.com/uploads/source/profile_image/92/thumb_reserve-bank-of-new-zealand.jpg
93,National Transportation Safety Board,NTSB,"Investigates accidents in aviation, highway, marine, rail and pipeline and makes recommendations to improve safety. Data on accidents and injuries.",3,20561,false,https://quandl-data-upload.s3.amazonaws.com/uploads/source/profile_image/93/thumb_NTSBSeal_400x400.jpg
95,Bureau of Economic Analysis,BEA,"Annual data on the US economy, covering national and state-level GDP, balance of payments, trade, corporate profits, and many other economic indicators.",150283,32173964,false,https://quandl-data-upload.s3.amazonaws.com/uploads/source/profile_image/95/thumb_bureau-of-economic-analysis.png
102,Science Magazine,SCIMAG,Science Magazine is a research journal that tracks the number of Afghan civilian casualties in the war in Afghanistan.,56,30606,false,https://quandl-data-upload.s3.amazonaws.com/uploads/source/profile_image/102/thumb_scimag-twitter-lg_400x400.png
110,Johnston's Archive,JOHNSTON,"An online archive for a wide range of fields, curated by  Robert Johnson, a research physicists. He provides historical abortion statistics for many countries.",130,72335,false,https://d3rlqa3rnk4r1f.cloudfront.net/images/default-avatar.png
118,Federal Reserve Economic Data,FRED,"Growth, employment, inflation, labor, manufacturing and other US economic statistics from the research department of the Federal Reserve Bank of St. Louis.",194819,190778398,false,https://d3rlqa3rnk4r1f.cloudfront.net/images/default-avatar.png
124,ONE,ONE,"An international advocacy organization for poverty reduction, particularly in Africa. Data on development assistance.",3,14687,false,https://quandl-data-upload.s3.amazonaws.com/uploads/source/profile_image/124/thumb_Screen_Shot_2014-08-27_at_11.47.56_AM.png
135,Center for Disease Control,CDC,"The CDC is a government source of health and safety data, providing statistics for a number of health outcomes such as infant mortality and fertility rates.",421,106400,false,https://quandl-data-upload.s3.amazonaws.com/uploads/source/profile_image/135/thumb_cdc2-square.png
138,148Apps,148APPS,Statistics on submissions to Apple Inc.'s app store.,3,9817,false,https://d3rlqa3rnk4r1f.cloudfront.net/images/default-avatar.png
139,London Bullion Market Association,LBMA,"An international trade association in the London gold and silver market, consisting of central banks, private investors, producers, refiners, and other agents.",4,2554186,false,https://quandl-data-upload.s3.amazonaws.com/uploads/source/profile_image/139/thumb_Screen_Shot_2014-08-11_at_10.32.40_AM.png
144,National Gang Center,NGC,Department of Justice project that targets gangs and its members in the United States. It publishes data on the numbers of gangs and gang members of all ages.,2,6885,false,https://quandl-data-upload.s3.amazonaws.com/uploads/source/profile_image/144/thumb_ngc_color_400x400.png
145,National Institute of Alcohol Abuse and Alcoholism,NIAAA,Institute operating within the National Institute of Health that compiles data on alcohol use and injuries and deaths related to alcohol abuse.,5,15730,false,https://quandl-data-upload.s3.amazonaws.com/uploads/source/profile_image/145/thumb_bf5d42375ebbf6d1fe251e780eb6d171_400x400.jpeg
148,U.S. Census Bureau,USCENSUS,"Data on the American people, places and economy. It provides many data on U.S. imports/exports, domestic production, and other key national indicators.",50042,4716066,false,https://quandl-data-upload.s3.amazonaws.com/uploads/source/profile_image/148/thumb_CensusLogo-white-square.png
154,British Petroleum,BP,BP is a large energy producer and distributor. It provides data on energy production and consumption in individual countries and larger subregions.,2263,712226,false,https://quandl-data-upload.s3.amazonaws.com/uploads/source/profile_image/154/thumb_bp.png
155,National Science Foundation,NSF,A federal agency devoted to promoting science. It publishes data on academia and corporate R&D.,3,7309,false,https://quandl-data-upload.s3.amazonaws.com/uploads/source/profile_image/155/thumb_nsf1_400x400.jpg
159,U.S. Department of Agriculture ERS,USDAERS,The primary statistical agency of the USDA provides data on the consumption and production of food and products related to the agriculture industry.,811,191248,false,https://quandl-data-upload.s3.amazonaws.com/uploads/source/profile_image/159/thumb_usda-logo-square__2_.png
160,U.S. Department of Agriculture FAS,USDAFAS,The USDA Foreign Agricultural Service connects U.S. agriculture with the world markets. It provides statistics on production and exports in foreign countries.,4267,868480,false,https://quandl-data-upload.s3.amazonaws.com/uploads/source/profile_image/160/thumb_thumb_us-department-of-agriculture-fas.jpg
163,U.S. Department of Agriculture FNS,USDAFNS,Food and Nutrition Service administrates federal nutrition assistance programs for low-income households and children. Data on costs and participation rates.,2,12590,false,https://quandl-data-upload.s3.amazonaws.com/uploads/source/profile_image/163/thumb_47edce879a4d02cda41b79d9e4e244fe_400x400.jpeg
167,Johnson Matthey,JOHNMATT,"A leading provider of current and historical data on platinum group metals such as prices, supply, and demand.",8,1119276,false,https://quandl-data-upload.s3.amazonaws.com/uploads/source/profile_image/167/thumb_images-7.jpg
169,Global Footprint Network,GFN,Global Footprint Network`s provides comprehensive new data on humanity`s pressure on resources and how it relates to the planet`s capacity to meet these demands.,1,3291,false,https://d3rlqa3rnk4r1f.cloudfront.net/images/default-avatar.png
171,North American Transportation Statistics,NATS,"NATS collects national and continental data on transportation and transportation-related activities in Canada, the United States and Mexico.",12,10790,false,https://quandl-data-upload.s3.amazonaws.com/uploads/source/profile_image/171/thumb_Screen_Shot_2014-08-15_at_4.04.07_PM.png
172,Internal Revenue Service,IRS,The national tax-gathering agency for the United States. It publishes data on personal and corporate tax returns.,3,17184,false,https://quandl-data-upload.s3.amazonaws.com/uploads/source/profile_image/172/thumb_HNbdQu_v_400x400.jpeg
173,Earth Policy Institute,EPI,"The EPI promotes economic and environmental sustainability, providing data on resource production, agriculture, demographics, and consumption.",257,137604,false,https://quandl-data-upload.s3.amazonaws.com/uploads/source/profile_image/173/thumb_imgres.jpg
174,Natural Resources Canada,NRC,No description for this database yet.,6,11981,false,https://d3rlqa3rnk4r1f.cloudfront.net/images/default-avatar.png
175,Yale Department of Economics,YALE,"Publishes data related to the stock and housing markets; price data for common indexes, interest rates, earnings, dividends, house prices, and CPI.",35,84106,false,https://quandl-data-upload.s3.amazonaws.com/uploads/source/profile_image/175/thumb_images-1.jpg
179,State of Working America,SWA,"The Income & Poverty chart is an US Economic Indicator, updated when new data is released.",1,1848,false,https://d3rlqa3rnk4r1f.cloudfront.net/images/default-avatar.png
187,National Association of Realtors,NAR,A large trade association for residential and commercial real estate. It publishes data related to real estate such as housing prices and home sales.,12,64943,false,https://quandl-data-upload.s3.amazonaws.com/uploads/source/profile_image/187/thumb_realtortwitter_400x400.png
192,Bank of France,BOF,The Banque de France is responsible for monetary policy through policies of the European System of Central Banks and providing data on key economic indictors.,2621,602132,false,https://quandl-data-upload.s3.amazonaws.com/uploads/source/profile_image/192/thumb_bank-of-france.jpg
203,Geo3 Data Compendium,GEOCOMP,The authoritative compendium of data for the UN Environmental Program. It offers data on hundreds of environmental variables for different countries and regions,47348,8333327,false,https://quandl-data-upload.s3.amazonaws.com/uploads/source/profile_image/203/thumb_global-environment-outlook.png
212,MeasuringWorth,MWORTH,"Data on economic indicators for a variety of countries covering GDP, inflation, population, and other major indicators. Vetted by distinguished researchers.",64,69822,false,https://d3rlqa3rnk4r1f.cloudfront.net/images/default-avatar.png
231,Deutsche Bundesbank Data Repository,BUNDESBANK,"Data on the German economy, money and capital markets, public finances, banking, households, Euro-area aggregates, trade and external debt.",48690,13706846,false,https://quandl-data-upload.s3.amazonaws.com/uploads/source/profile_image/231/thumb_thumb_bundesbank.png
234,Canadian Mortgage and Housing Corporation,CMHC,"The CMHC is a gov’t-owned corporation that provides affordable housing to Canadian citizens and collects data such as prices, construction, and supply.",50,28671,false,https://quandl-data-upload.s3.amazonaws.com/uploads/source/profile_image/234/thumb_imgres-1.jpg
240,Organisation for Economic Co-operation and Development,OECD,International organization of developed countries that promotes economic welfare. Collects data from members and others to make policy recommendations.,623102,167637523,false,https://quandl-data-upload.s3.amazonaws.com/uploads/source/profile_image/240/thumb_organisation-for-economic-co-operation-and-development.jpg
243,Stoxx,STOXX,Euro Currency price indices.,1,7794,false,https://d3rlqa3rnk4r1f.cloudfront.net/images/default-avatar.png
246,Center for Systemic Peace,SYSPEACE,Monitors political behaviour and violence in the world's major states. Provides data on relevant indicators including levels of forcible displacement.,1129,159438,false,https://quandl-data-upload.s3.amazonaws.com/uploads/source/profile_image/246/thumb_imgres-1.jpg
250,International Telecommunication Union,ITU,"The ITU is the UN body that regulates international communications, such as radio spectrum, the coordination of satellites, and enforcing technical standards. 
",1690,227071,false,https://quandl-data-upload.s3.amazonaws.com/uploads/source/profile_image/250/thumb_international-telecommunication-union.png
256,National Bureau of Economic Research,NBER,"A private research organization providing economic research to inform businesses, policy-makers, and academia. Economic indicators in the U.S. and the world.",3488,696184,false,https://quandl-data-upload.s3.amazonaws.com/uploads/source/profile_image/256/thumb_nber-square.jpg
257,World Federation of Exchanges,WFE,"A trade association of sixty publicly regulated stock, futures, and options exchanges that publishes data for its exchanges, like market capitalization.",525,105248,false,https://quandl-data-upload.s3.amazonaws.com/uploads/source/profile_image/257/thumb_images-1.jpg
264,Bank of Canada Statistical Database,BOC,"Economic, financial and banking data for Canada. Includes interest rates, inflation, national accounts and more.  Daily updates.",235,101780,false,https://quandl-data-upload.s3.amazonaws.com/uploads/source/profile_image/264/thumb_bank-of-canada.jpg
269,Bank of Japan,BOJ,"The Bank of Japan is responsible for monetary policy and the national currency (yen), and providing data on key macroeconomic variables.",85457,8338310,false,https://quandl-data-upload.s3.amazonaws.com/uploads/source/profile_image/269/thumb_logo_jp.gif
379,Bank for International Settlements,BIS,"BIS serves central banks with administration of monetary and financial stability, fosters international cooperation, and acts as bank for central banks.",7524,1298369,false,https://quandl-data-upload.s3.amazonaws.com/uploads/source/profile_image/379/thumb_bank-for-international-settlements.jpg
380,National UFO Reporting Center,NUFORC,A national database of UFO sightings.,1,3673,false,https://quandl-data-upload.s3.amazonaws.com/uploads/source/profile_image/380/thumb_Screen_Shot_2014-08-29_at_4.04.01_PM.png
381,Organization of the Petroleum Exporting Countries,OPEC,"International organization and economic cartel overseeing policies of oil-producers, such as Iraq, Iran, Saudi Arabia, and Venezuela. Data on oil prices.",1,434872,false,https://quandl-data-upload.s3.amazonaws.com/uploads/source/profile_image/381/thumb_thumb_images-2.jpg
382,Unicorn Research Corporation,URC," Advance and decline data for the NYSE, AMEX, and NASDAQ stock exchanges. From various publicly-available sources and the median value is reported.",27,201512,false,https://d3rlqa3rnk4r1f.cloudfront.net/images/default-avatar.png
384,London Stock Exchange,LSE,Daily updated stock prices for the London Stock Exchange.,5272,6080886,false,https://quandl-data-upload.s3.amazonaws.com/uploads/source/profile_image/384/thumb_london-stock-exchange.png
386,Australian Securities Exchange,ASX,"Australia’s primary exchange, one of the world's largest by market cap and trading, acts as market operator, clearinghouse, and payments facilitator.",510,510545,false,https://quandl-data-upload.s3.amazonaws.com/uploads/source/profile_image/386/thumb_Screen_Shot_2014-08-11_at_10.53.53_AM.png
389,Ken French,KFRENCH,"",618,200175,false,https://quandl-data-upload.s3.amazonaws.com/uploads/source/profile_image/389/thumb_Screen_Shot_2014-08-27_at_1.25.29_PM.png
390,US Geological Survey,USGEOSURV,The USGS National Earthquake Information Center's statistics on earthquakes.,2,1039,false,https://d3rlqa3rnk4r1f.cloudfront.net/images/default-avatar.png
392,Chicago Board Options Exchange,CBOE,"The Chicago Board Options Exchange is the largest options exchange in the US, offering many different options contracts for companies, indices, and ETFs.",689,2789028,false,https://quandl-data-upload.s3.amazonaws.com/uploads/source/profile_image/392/thumb_imgres-2.jpg
394,YFinance,YAHOO,Historical stock price data validated against prices published on Yahoo Finance.  Please note: Data is not sourced from Yahoo.com,94032,548288509,false,https://d3rlqa3rnk4r1f.cloudfront.net/images/default-avatar.png
395,Treasury Direct,TREASURY_DIRECT,Historical data on the US public debt.,3,6029,false,https://d3rlqa3rnk4r1f.cloudfront.net/images/default-avatar.png
422,Tax Policy Center,TPC,A joint venture of the Urban Institute and Brookings Institution. TPC compiles data on tax policy and implementation from government agencies and other sources.,241,60091,false,https://quandl-data-upload.s3.amazonaws.com/uploads/source/profile_image/422/thumb_Screen_Shot_2014-08-27_at_10.24.35_AM.png
424,Global Stats StatCounter,GSTATS,"A web analytics firm that publishes data on internet browser usage, web activity, and other related statistics.",14,10224,false,https://quandl-data-upload.s3.amazonaws.com/uploads/source/profile_image/424/thumb_imgres-2.jpg
425,U.S. Agency for International Development,USAID,US Agency for International Development provides a complete historical record of all foreign assistance provided by the United States to the rest of the world.,970,112965,false,https://quandl-data-upload.s3.amazonaws.com/uploads/source/profile_image/425/thumb_usaid_bw-square.gif
428,Solar Influences Data Analysis Center,SIDC,"The SIDC hosts data spanning from the 1700's on solar activity, specifically sunspot activity.",8,115149,false,https://quandl-data-upload.s3.amazonaws.com/uploads/source/profile_image/428/thumb_Screen_Shot_2014-08-29_at_3.44.22_PM.png
429,Federal Reserve Bank of Kansas City,FRKC,"FRKC is the regional central bank for the 10th District of the Federal Reserve, publishing data on banking in mostly agricultural transactions.",47,72278,false,https://quandl-data-upload.s3.amazonaws.com/uploads/source/profile_image/429/thumb_federal-reserve-bank-of-kansas.jpg
430,FBI,FBI,"The FBI is a federal criminal investigative body and internal intelligence agency, publishing data on crime rates in the U.S.",2,37525,false,https://quandl-data-upload.s3.amazonaws.com/uploads/source/profile_image/430/thumb_fbi_logo_twitter_400x400.jpg
432,Uniform Crime Reporting Statistics,FBI_UCR,The Uniform Crime Reports in the FBI compile differing crime data into uniform statistics on specific crimes for states and the entire country.,52,32608,false,https://d3rlqa3rnk4r1f.cloudfront.net/images/default-avatar.png
435,Bank of Russia,BANKRUSSIA,"Bank of Russia is the principal monetary authority responsible for monetary policy, banking, and provides data on interest rates, money supply, and accounts.",10,10895,false,https://quandl-data-upload.s3.amazonaws.com/uploads/source/profile_image/435/thumb_bank-of-russia.jpg
436,Economic Cycle Research Institute,ECRI,"ECRI uses an indicator approach to predict recessions and recoveries, publishing data on indexes of coincident, lagging, and leading indicators for the US.",3,107590,false,https://quandl-data-upload.s3.amazonaws.com/uploads/source/profile_image/436/thumb_Screen_Shot_2014-08-29_at_3.36.47_PM.png
437,National Center for Education Statistics,NCES,"Federal agency that collects and analyzes data on education, enrolment rates, and long-term effects of education based on earnings and literacy.",1650,237473,false,https://quandl-data-upload.s3.amazonaws.com/uploads/source/profile_image/437/thumb_nces-square.jpeg
438,University of Missouri Kansas City,UMKC,Historical data on lynching’s in the United States.,1,1530,false,https://d3rlqa3rnk4r1f.cloudfront.net/images/default-avatar.png
439,Who Unicef Joint Monitoring Program,WHO_UNICEF,The WHO/UNICEF Joint Monitoring Programme (JMP) for Water Supply and Sanitation is the official United Nations mechanism tasked with monitoring progress towards the Millennium Development Goal (MDG) relating to drinking-water and sanitation.,403,55093,false,https://d3rlqa3rnk4r1f.cloudfront.net/images/default-avatar.png
441,Budapest Stock Exchange,BUDAPESTSE,A primary exchange in Hungarian financial markets and the official trading venue for public securities.,5,30319,false,https://quandl-data-upload.s3.amazonaws.com/uploads/source/profile_image/441/thumb_images-8.jpg
442,Zagreb Stock Exchange,ZAGREBSE,Croatia's only stock exchange. It publishes data on the performance of its stock and bond indexes.,11,32568,false,https://quandl-data-upload.s3.amazonaws.com/uploads/source/profile_image/442/thumb_Screen_Shot_2014-08-29_at_3.25.35_PM.png
443,Quito Stock Exchange (Ecuador),QUITOSE,The indexes of the national Stock Exchange of Ecuador.,1,26628,false,https://d3rlqa3rnk4r1f.cloudfront.net/images/default-avatar.png
446,Amman Stock Exchange,AMMANSE,The official stock exchange of Jordan. It publishes daily financial data on indexes that represent different sectors of the economy.,27,52075,false,https://quandl-data-upload.s3.amazonaws.com/uploads/source/profile_image/446/thumb_imgres-7.jpg
448,Stock Exchange of Mauritius,MAURITIUSSE,Stock Exchange of Mauritius indices data.,1,12304,false,https://d3rlqa3rnk4r1f.cloudfront.net/images/default-avatar.png
451,Prague Stock Exchange,PRAGUESE,Price index data from the Prague Stock Exchange.,3,53337,false,https://d3rlqa3rnk4r1f.cloudfront.net/images/default-avatar.png
452,Ukrainian Exchange,UKRSE,UKRSE presents the most current available data related to the largest stock exchanges in Ukraine. The exchange is located in Kiev and accounts for roughly three-quarters of Ukraine's total equity trading volume,1,18790,false,https://d3rlqa3rnk4r1f.cloudfront.net/images/default-avatar.png
453,PFTS Stock Exchange (Ukraine),PFTS,"Index data from the PFTS Stock Exchange, the largest marketplace in Ukraine. ",1,5152,false,https://d3rlqa3rnk4r1f.cloudfront.net/images/default-avatar.png
454,Warsaw Stock Exchange,WARSAWSE,"WIG20 index has been calculated since April 16, 1994 based on the value of portfolio with shares in 20 major and most liquid companies in the WSE Main List.",1,4753,false,https://d3rlqa3rnk4r1f.cloudfront.net/images/default-avatar.png
457,Tunis Stock Exchange,TUNISSE,The main reference index of Tunis Stock Exchange.,2,4222,false,https://d3rlqa3rnk4r1f.cloudfront.net/images/default-avatar.png
458,Ljubljana Stock Exchange (Slovenia),LJUBSE,"This database contains the Ljubljana Stock Exchange indexes and is based in Ljubljana, Slovenia.",1,19831,false,https://d3rlqa3rnk4r1f.cloudfront.net/images/default-avatar.png
459,Belgrade Stock Exchange,BELGRADESE,"Belgrade Stock Exchange data, updated daily. ",2,24220,false,https://d3rlqa3rnk4r1f.cloudfront.net/images/default-avatar.png
460,Luxembourg Stock Exchange,LUXSE,A stock exchange located in Luxembourg specializing in international bonds. It publishes data on the performance of its stocks and its main equity index Luxx.,4,54366,false,https://quandl-data-upload.s3.amazonaws.com/uploads/source/profile_image/460/thumb_images-3.jpg
462,Bucharest Stock Exchange,BUCHARESTSE,"The Bucharest Stock Exchange publishes data on it activity in equity, rights, bonds, fund units, structured products, and futures contracts. ",1,50599,false,https://quandl-data-upload.s3.amazonaws.com/uploads/source/profile_image/462/thumb_images-4.jpg
463,Stock Exchange of Thailand,THAISE,The official securities exchange of Thailand. It publishes data on the indexes that are traded on it as well as on the performance of the exchange itself,6,24533,false,https://quandl-data-upload.s3.amazonaws.com/uploads/source/profile_image/463/thumb_imgres-4.jpg
464,Nikkei,NIKKEI,Nikkei consists of the major stock indexes of the Tokyo Stock Exchange. A price-weighted index considered to be the best representation of Japanese equities.,15,144843,false,https://quandl-data-upload.s3.amazonaws.com/uploads/source/profile_image/464/thumb_icon_twitter_128-128_400x400.png
467,Eurekahedge,EUREKA,A research company focused on hedge funds and other alternative investment funds. It publishes data on the performances of hedge funds.,314,86000,false,https://quandl-data-upload.s3.amazonaws.com/uploads/source/profile_image/467/thumb_Untitled.jpg
469,Penn World Table,PENN,"Provides purchasing power parity, national income accounts converted to international prices, income, population, productivity for 167 countries.",5226,980383,false,https://quandl-data-upload.s3.amazonaws.com/uploads/source/profile_image/469/thumb_thumb_PWT_logo-square.jpg
473,Tokyo Stock Exchange,TSE,End of day prices and additional information for companies trading on the Tokyo Stock Exchange in Japan.,3955,6519691,false,https://quandl-data-upload.s3.amazonaws.com/uploads/source/profile_image/473/thumb_tokyo-stock-exchange.png
474,Lima Stock Exchange (Peru),LIMASE,Lima Stock Exchange indices data.,1,2732,false,https://d3rlqa3rnk4r1f.cloudfront.net/images/default-avatar.png
475,Federal Reserve Bank of New York,FRBNY,"The FRBNY is the largest regional central bank in the US. Sets monetary policy for New York, most of Connecticut and New Jersey, and some territories.",89316,12621026,false,https://quandl-data-upload.s3.amazonaws.com/uploads/source/profile_image/475/thumb_federal-reserve-bank-of-new-york.jpg
476,Federal Reserve Bank of Philadelphia,FRBP,"The FRBP is a regional central bank for the Federal Reserve. It publishes data on business confidence indexes, GDP, consumption, and other economic indicators.",136,81948,false,https://quandl-data-upload.s3.amazonaws.com/uploads/source/profile_image/476/thumb_federal-reserve-bank-of-philadelphia.jpg
477,United States Misery Index,USMISERY,"Developed by economist Arthur Okun, the Misery Index is the unemployment rate added to the inflation rate.",1,2774,false,https://d3rlqa3rnk4r1f.cloudfront.net/images/default-avatar.png
481,Gallup,GALLUP,A private company that conducts polls on public opinion and publishes other types of data. ,2,2015,false,https://quandl-data-upload.s3.amazonaws.com/uploads/source/profile_image/481/thumb_eijqit192wpbw79tivpy_400x400.png
483,James Alan Fox,JFOX,Historical crime statistics in the United States.,1,916,false,https://d3rlqa3rnk4r1f.cloudfront.net/images/default-avatar.png
486,Angus Maddison,MADDISON,The Angus Maddison project provides population and GDP data for countries around the world.,707,190111,false,https://quandl-data-upload.s3.amazonaws.com/uploads/source/profile_image/486/thumb_Screen_Shot_2014-08-26_at_3.45.27_PM.png
